date,staff_id,staff_name,laptop_model,laptop_serial_number,other_accessories,remarks
2024-04-10,968545231,Staff_968545231,Dell Laptop X12 Model,LAP-6FF3D780F6,"Mouse, Wireless Headset Cushion",dual asset
2025-06-10,799816232,Staff_799816232,Wireless Headset Cushion,WH-8F8065210D,"LAN Adapter, Keyboard, Laptop Stand",transfer
2024-05-30,508774805,Staff_508774805,Dell Laptop X12 Model,LAP-FCE49D6340,"Mouse, LAN Adapter, Keyboard, Wired headset Cushion, Laptop Stand",transfer
2024-06-29,855147872,Staff_855147872,Dell Laptop X12 Model,LAP-30F3400283,"LAN Adapter, LAN Cable, Laptop Stand",last working day
2025-06-13,572309605,Staff_572309605,Wireless Headset Cushion,WH-B648A79560,"Laptop Charger, Wireless Headset Cushion, Mouse, Laptop Bag, Power Cable",temporary asset handover
2025-04-15,884679098,Staff_884679098,Dell Laptop X12 Model,LAP-5E0CB210D8,"Wired headset Cushion, HDMI to VGA connector, Keyboard",transfer
2024-12-31,322203053,Staff_322203053,HP Book 2.0 Model,LAP-4A40F08DEA,"HDMI to VGA connector, LAN Adapter",temporary asset handover
2025-12-11,487298927,Staff_487298927,Wireless Headset Cushion,LAP-0BE6EDD366,"Laptop Stand, Keyboard, Power Cable, LAN Cable, Wireless Headset Cushion",temporary asset handover
2024-06-12,864555170,Staff_864555170,Dell Laptop X12 Model,LAP-905417383D,"LAN Adapter, Keyboard, Mouse",dual asset
2025-04-03,308322646,Staff_308322646,Dell Laptop X12 Model,LAP-959D6CB3B7,"Wired headset Cushion, Keyboard",last working day
2025-04-15,720551525,Staff_720551525,Dell Laptop X12 Model,LAP-8C86C43F91,"LAN Cable, HDMI to VGA connector, Laptop Bag, LAN Adapter, Laptop Stand",dual asset
2024-03-09,904236062,Staff_904236062,Dell Laptop X12 Model,LAP-9D9F5D2753,"LAN Adapter, LAN Cable, Keyboard, Laptop Bag",dual asset
2025-08-10,366058599,Staff_366058599,Dell Laptop X12 Model,LAP-294CF6D694,"Power Cable, Wireless Headset Cushion, Laptop Stand, Wired headset Cushion, HDMI to VGA connector",transfer
2025-06-04,366058599,Staff_366058599,Dell Laptop X12 Model,LAP-294CF6D694,"HDMI to VGA connector, Power Cable",temporary asset handover
2025-11-18,430750834,Staff_430750834,Dell Laptop X12 Model,LAP-FB09D6F4CF,"Laptop Charger, HDMI to VGA connector, Wired headset Cushion",last working day
2024-12-15,399708182,Staff_399708182,Dell Laptop X12 Model,LAP-8A7F58A199,"Laptop Bag, Wireless Headset Cushion, LAN Adapter, Wired headset Cushion, LAN Cable",last working day
2024-06-06,176248559,Staff_176248559,Dell Laptop X12 Model,LAP-F0A45E033B,"HDMI to VGA connector, Wired headset Cushion, Laptop Bag, Laptop Stand, VGA Connector",transfer
2025-12-07,127633490,Staff_127633490,Dell Laptop X12 Model,LAP-324E3E519E,"Laptop Bag, LAN Cable",dual asset
2024-02-28,566531276,Staff_566531276,Dell Laptop X12 Model,LAP-6C37376B9D,"Laptop Charger, Keyboard, Power Cable, LAN Adapter, VGA Connector",temporary asset handover
2024-07-07,306442077,Staff_306442077,Dell Laptop X12 Model,LAP-A0F26571FD,"LAN Cable, Keyboard",temporary asset handover
2024-04-08,395723682,Staff_395723682,HP Book 2.0 Model,LAP-1ACA98ACB6,"Keyboard, Wireless Headset Cushion, Power Cable, Laptop Bag",last working day
2026-01-21,990505735,Staff_990505735,Dell Laptop X12 Model,LAP-80CACFC8B0,"Laptop Stand, Laptop Bag, LAN Adapter, Keyboard",temporary asset handover
2024-04-10,837071174,Staff_837071174,HP Book 2.0 Model,LAP-DE65C815C4,"Laptop Bag, HDMI to VGA connector, LAN Adapter",transfer
2024-05-21,875718152,Staff_875718152,Wireless Headset Cushion,WH-48091CCBCB,"VGA Connector, Mouse, Keyboard, HDMI to VGA connector",temporary asset handover
2025-05-24,532990767,Staff_532990767,Dell Laptop X12 Model,LAP-04D2890033,"Wired headset Cushion, Laptop Charger",transfer
2025-10-29,946944681,Staff_946944681,Dell Laptop X12 Model,LAP-7C1A77BA1B,"Keyboard, Laptop Stand, Laptop Bag, Laptop Charger, VGA Connector",dual asset
2025-04-28,842725930,Staff_842725930,Dell Laptop X12 Model,LAP-0D7314C0D0,"Wired headset Cushion, Laptop Stand, LAN Adapter, Wireless Headset Cushion, Power Cable",temporary asset handover
2024-11-02,192470197,Staff_192470197,Dell Laptop X12 Model,LAP-751C61B833,"Keyboard, Wired headset Cushion, LAN Cable, LAN Adapter, HDMI to VGA connector",transfer
2024-06-01,769003354,Staff_769003354,JBL Wireless Headset,WH-5E4A89E169,"Laptop Charger, Wired headset Cushion, Mouse",transfer
2024-01-31,628342500,Staff_628342500,Dell Laptop X12 Model,LAP-17B669B19A,"Wired headset Cushion, Keyboard",transfer
2025-02-20,733177858,Staff_733177858,Dell Laptop X12 Model,LAP-B29D88C7A3,"Laptop Stand, Wired headset Cushion",temporary asset handover
2024-03-10,644830077,Staff_644830077,HP Book 2.0 Model,LAP-917FC3030E,"Wired headset Cushion, Laptop Stand, Laptop Bag, VGA Connector, LAN Adapter",last working day
2024-12-04,180960086,Staff_180960086,Dell Laptop X12 Model,LAP-14196531F3,"Keyboard, LAN Adapter, Power Cable",temporary asset handover
2024-11-17,255529715,Staff_255529715,Wireless Headset Cushion,WH-7DC15EDF95,"VGA Connector, Mouse, Keyboard, LAN Cable, Power Cable",temporary asset handover
2025-10-05,540272920,Staff_540272920,HP Book 2.0 Model,LAP-FF1E6006A2,"Wired headset Cushion, LAN Adapter, Laptop Stand",last working day
2025-09-03,883757514,Staff_883757514,HP Book 2.0 Model,LAP-758700BBC7,"Laptop Bag, Wireless Headset Cushion, VGA Connector, Wired headset Cushion, Keyboard",last working day
2024-07-10,952266893,Staff_952266893,Wireless Headset Cushion,WH-B13136A9D8,"Mouse, LAN Cable",transfer
2025-10-21,844609017,Staff_844609017,Dell Laptop X12 Model,LAP-A79D24A920,"Laptop Bag, Power Cable, VGA Connector",last working day
2025-06-20,715076673,Staff_715076673,Dell Laptop X12 Model,LAP-45733EA35B,"Mouse, Laptop Bag, Power Cable, LAN Adapter, Laptop Charger",temporary asset handover
2024-10-16,895283876,Staff_895283876,Dell Laptop X12 Model,LAP-48AE6FEACF,"Power Cable, Laptop Stand, VGA Connector, Laptop Bag",dual asset
2025-03-27,472352086,Staff_472352086,Dell Laptop X12 Model,LAP-F2E7D3F3CB,"Mouse, Laptop Charger, Laptop Stand",transfer
2025-03-09,249324059,Staff_249324059,Dell Laptop X12 Model,LAP-A0715F23C7,"Mouse, Laptop Charger",last working day
2024-08-28,210903699,Staff_210903699,Dell Laptop X12 Model,LAP-AEF348A14D,"Mouse, Laptop Stand, Keyboard",dual asset
2025-11-15,965373223,Staff_965373223,Dell Laptop X12 Model,LAP-A2B36FA8B3,"LAN Cable, Wired headset Cushion",last working day
2025-09-24,771112648,Staff_771112648,Wireless Headset Cushion,WH-A274717864,"Laptop Charger, LAN Adapter, Mouse",transfer
2024-11-21,300341906,Staff_300341906,Dell Laptop X12 Model,LAP-C01372ADE4,"Wireless Headset Cushion, Wired headset Cushion, HDMI to VGA connector, LAN Cable",temporary asset handover
2024-12-15,975106572,Staff_975106572,Wireless Headset Cushion,WH-6DE914A7D4,"LAN Cable, LAN Adapter, Wireless Headset Cushion",last working day
2025-03-07,715291571,Staff_715291571,Dell Laptop X12 Model,LAP-C8BAB44761,"Mouse, VGA Connector",transfer
2025-11-10,291811951,Staff_291811951,Dell Laptop X12 Model,LAP-D5C4F1F723,"Laptop Stand, Wireless Headset Cushion, Laptop Bag",temporary asset handover
2025-11-15,355448903,Staff_355448903,MacBook M2 Model,LAP-A048D6D658,"HDMI to VGA connector, Wireless Headset Cushion, Laptop Bag",last working day
2024-07-17,490831844,Staff_490831844,Dell Laptop X12 Model,LAP-39040DDF5F,"Laptop Charger, LAN Cable, Laptop Stand, Mouse",temporary asset handover
2024-03-16,366564581,Staff_366564581,Dell Laptop X12 Model,LAP-4FAB5914EC,"Laptop Bag, Wireless Headset Cushion",transfer
2025-10-07,625288882,Staff_625288882,HP Book 2.0 Model,WH-5FDF12E0AE,"Wireless Headset Cushion, LAN Adapter, Laptop Charger",dual asset
2025-02-07,294020880,Staff_294020880,Dell Laptop X12 Model,LAP-A2ADACE517,"LAN Cable, LAN Adapter, Wireless Headset Cushion",last working day
2025-05-12,692790631,Staff_692790631,HP Book 2.0 Model,LAP-A02104406D,"Keyboard, LAN Cable",last working day
2025-04-16,314179101,Staff_314179101,Dell Laptop X12 Model,LAP-CDF10A56AD,"Mouse, HDMI to VGA connector",dual asset
2024-04-12,404357083,Staff_404357083,Dell Laptop X12 Model,LAP-7280C5B5EE,"Laptop Bag, VGA Connector, Laptop Stand, Power Cable",transfer
2025-10-02,975106572,Staff_975106572,Wireless Headset Cushion,WH-6DE914A7D4,"LAN Adapter, Laptop Bag",transfer
2025-01-11,444095402,Staff_444095402,Dell Laptop X12 Model,LAP-F078D1D8DC,"Power Cable, Laptop Bag, Mouse",temporary asset handover
2025-01-16,377304178,Staff_377304178,Dell Laptop X12 Model,LAP-7A9229920F,"HDMI to VGA connector, Wired headset Cushion",dual asset
2024-03-13,500561082,Staff_500561082,JBL Wireless Headset,WH-B6C8846110,"HDMI to VGA connector, Laptop Stand",last working day
2024-04-29,875340444,Staff_875340444,JBL Wireless Headset,WH-0BC92ACD9B,"Wired headset Cushion, Laptop Bag, LAN Cable",last working day
2025-12-30,591116494,Staff_591116494,Dell Laptop X12 Model,LAP-22CA651AAF,"LAN Adapter, HDMI to VGA connector, Power Cable",dual asset
2025-04-26,547025173,Staff_547025173,Dell Laptop X12 Model,LAP-41AD20A29E,"LAN Adapter, Keyboard, Power Cable",transfer
2024-09-30,841433502,Staff_841433502,Dell Laptop X12 Model,LAP-D858422EB4,"Wired headset Cushion, VGA Connector, HDMI to VGA connector",temporary asset handover
2025-06-05,569747059,Staff_569747059,Wireless Headset Cushion,WH-AD5B4857A6,"Mouse, LAN Cable, Wired headset Cushion",last working day
2025-02-22,838073939,Staff_838073939,Dell Laptop X12 Model,LAP-E57FF4AA3B,"Keyboard, Wireless Headset Cushion, HDMI to VGA connector, Laptop Stand",last working day
2024-02-29,145478504,Staff_145478504,Dell Laptop X12 Model,LAP-DD0343B0A0,"Mouse, Keyboard, Wireless Headset Cushion, Laptop Bag",temporary asset handover
2025-12-16,276260482,Staff_276260482,HP Book 2.0 Model,LAP-5DE930D7E9,"Laptop Charger, Power Cable",temporary asset handover
2025-03-09,325319746,Staff_325319746,Dell Laptop X12 Model,LAP-BFF15DDEA2,"Laptop Charger, Laptop Stand, Keyboard, Power Cable, Wired headset Cushion",temporary asset handover
2025-12-10,417335858,Staff_417335858,Dell Laptop X12 Model,LAP-55FBCE8181,"Mouse, Laptop Stand, LAN Cable, Wired headset Cushion, HDMI to VGA connector",last working day
2025-11-14,721609600,Staff_721609600,Dell Laptop X12 Model,LAP-F3E594B886,"Laptop Charger, HDMI to VGA connector, Keyboard, Wireless Headset Cushion",temporary asset handover
2024-03-13,685967190,Staff_685967190,JBL Wireless Headset,WH-4511BFFE2B,"HDMI to VGA connector, Power Cable, Wireless Headset Cushion, Laptop Stand, Laptop Bag",dual asset
2024-11-20,796091085,Staff_796091085,Dell Laptop X12 Model,LAP-0EFEFCBDFA,"LAN Cable, Laptop Bag, Laptop Charger, Wireless Headset Cushion, Power Cable",transfer
2025-03-19,146744734,Staff_146744734,Dell Laptop X12 Model,LAP-1DB1DF356C,"Wired headset Cushion, Power Cable, Laptop Charger, HDMI to VGA connector",last working day
2024-10-29,716891706,Staff_716891706,MacBook M2 Model,LAP-BBAF001960,"LAN Cable, Wired headset Cushion, Laptop Stand, VGA Connector, Laptop Bag",transfer
2025-04-09,999222522,Staff_999222522,HP Book 2.0 Model,LAP-07D7FDC71F,"Keyboard, Wired headset Cushion, Wireless Headset Cushion, LAN Cable",dual asset
2025-08-27,855561271,Staff_855561271,Wireless Headset Cushion,WH-4865868FDA,"Mouse, Wired headset Cushion",last working day
2024-05-09,405307028,Staff_405307028,JBL Wireless Headset,WH-1B910B2F71,"VGA Connector, Power Cable",dual asset
2024-02-11,273497327,Staff_273497327,Dell Laptop X12 Model,LAP-8AFAAAB6A3,"VGA Connector, Power Cable, Wired headset Cushion, Laptop Bag, Mouse",transfer
2024-11-15,812308209,Staff_812308209,Wireless Headset Cushion,WH-CBFF72B57F,"Laptop Bag, Laptop Stand, VGA Connector",transfer
2024-07-03,796275440,Staff_796275440,Dell Laptop X12 Model,LAP-3B4F163FA2,"Keyboard, VGA Connector, Laptop Bag",last working day
2024-03-12,973120912,Staff_973120912,HP Book 2.0 Model,LAP-939E639CDC,"VGA Connector, Laptop Charger, Laptop Stand, Power Cable",last working day
2025-08-15,556489494,Staff_556489494,Dell Laptop X12 Model,LAP-0F3AA5080E,"VGA Connector, Wireless Headset Cushion, Wired headset Cushion, LAN Cable, LAN Adapter",dual asset
2025-04-18,446454337,Staff_446454337,Dell Laptop X12 Model,LAP-D589323AAB,"Keyboard, Wireless Headset Cushion, Wired headset Cushion, LAN Cable, HDMI to VGA connector",temporary asset handover
2024-07-20,279218750,Staff_279218750,Dell Laptop X12 Model,LAP-E92661FEC2,"Laptop Bag, LAN Adapter",dual asset
2024-12-28,866803374,Staff_866803374,Dell Laptop X12 Model,LAP-613DE878AB,"LAN Adapter, Wired headset Cushion, Keyboard",last working day
2024-12-03,190906681,Staff_190906681,Dell Laptop X12 Model,LAP-1CF9FB4E07,"Laptop Stand, VGA Connector, Power Cable, Mouse",dual asset
2024-11-20,233398648,Staff_233398648,Dell Laptop X12 Model,LAP-BE7872701C,"Laptop Charger, Mouse, LAN Adapter, Power Cable, VGA Connector",transfer
2025-01-29,700061135,Staff_700061135,Dell Laptop X12 Model,LAP-47D0C92358,"Power Cable, LAN Adapter, Laptop Stand, Laptop Charger",dual asset
2024-09-12,613511668,Staff_613511668,JBL Wireless Headset,WH-1706C70382,"Wireless Headset Cushion, Power Cable, VGA Connector",transfer
2024-12-22,859279763,Staff_859279763,MacBook M2 Model,LAP-1A70903DC7,"LAN Cable, LAN Adapter, Power Cable, Laptop Bag",last working day
2025-09-16,810303128,Staff_810303128,Wireless Headset Cushion,WH-0C57FC8907,"Power Cable, Laptop Charger",transfer
2025-10-31,907803348,Staff_907803348,Dell Laptop X12 Model,LAP-26FD21AEEE,"Laptop Bag, VGA Connector, LAN Adapter, Mouse, Wireless Headset Cushion",last working day
2025-02-23,463527356,Staff_463527356,Dell Laptop X12 Model,LAP-25631AD567,"VGA Connector, HDMI to VGA connector, LAN Cable",last working day
2025-04-15,568387228,Staff_568387228,Dell Laptop X12 Model,LAP-8896D3F1CD,"Wireless Headset Cushion, Keyboard, VGA Connector, Mouse, Laptop Stand",temporary asset handover
2025-06-09,757207875,Staff_757207875,JBL Wireless Headset,WH-4A27692BD2,"LAN Cable, Mouse",transfer
2025-05-16,616030284,Staff_616030284,Dell Laptop X12 Model,LAP-709AAF5CC4,"Mouse, Laptop Charger, Laptop Bag",dual asset
2025-09-17,477895080,Staff_477895080,Dell Laptop X12 Model,LAP-E54324CB99,"LAN Cable, Keyboard, Laptop Charger, Wired headset Cushion, VGA Connector",temporary asset handover
2025-01-12,286521875,Staff_286521875,JBL Wireless Headset,WH-DBEB58AE3D,"Laptop Charger, LAN Adapter, Keyboard",dual asset
2025-03-12,313540619,Staff_313540619,Dell Laptop X12 Model,LAP-81BA8C9240,"Laptop Charger, Mouse",temporary asset handover
2024-06-14,560983746,Staff_560983746,Dell Laptop X12 Model,LAP-1D77174435,"Power Cable, Wired headset Cushion, Keyboard, LAN Cable, Laptop Charger",temporary asset handover
2024-02-24,325681936,Staff_325681936,HP Book 2.0 Model,LAP-043315BC31,"Laptop Charger, Mouse",temporary asset handover
2024-07-28,437675369,Staff_437675369,Dell Laptop X12 Model,LAP-81E8F746A4,"LAN Cable, HDMI to VGA connector, Keyboard, Laptop Stand, LAN Adapter",transfer
2024-11-20,186675240,Staff_186675240,Dell Laptop X12 Model,LAP-47C697A63B,"Keyboard, Power Cable, HDMI to VGA connector, VGA Connector, Laptop Bag",last working day
2025-07-28,399757448,Staff_399757448,Dell Laptop X12 Model,LAP-CEEC27408D,"Laptop Charger, Laptop Stand, VGA Connector, LAN Adapter",last working day
2024-05-28,455281184,Staff_455281184,HP Book 2.0 Model,LAP-CC912C0403,"HDMI to VGA connector, Wired headset Cushion, Keyboard, Wireless Headset Cushion",last working day
2025-05-20,189753594,Staff_189753594,Lenovo Laptop 324 Model,LAP-D2009A31DF,"Laptop Charger, LAN Adapter, Power Cable, HDMI to VGA connector, Mouse",last working day
2025-02-26,335445955,Staff_335445955,Wireless Headset Cushion,WH-DC85FAFACD,"VGA Connector, Wired headset Cushion, HDMI to VGA connector",temporary asset handover
2025-02-10,679574436,Staff_679574436,Dell Laptop X12 Model,LAP-D49930FA67,"Laptop Charger, Wireless Headset Cushion, Laptop Stand, Mouse",dual asset
2025-10-29,956508307,Staff_956508307,Dell Laptop X12 Model,LAP-8D56B430DA,"LAN Adapter, Power Cable, VGA Connector",dual asset
2024-02-17,897344195,Staff_897344195,Dell Laptop X12 Model,LAP-8532CC4412,"LAN Cable, VGA Connector, LAN Adapter, Mouse, Keyboard",temporary asset handover
2025-06-12,607239833,Staff_607239833,Dell Laptop X12 Model,LAP-4CBA8ED69A,"LAN Adapter, Wired headset Cushion, Wireless Headset Cushion, HDMI to VGA connector, VGA Connector",temporary asset handover
2024-11-15,648598641,Staff_648598641,Dell Laptop X12 Model,LAP-9428F41476,"HDMI to VGA connector, VGA Connector, Wireless Headset Cushion, Laptop Charger",temporary asset handover
2025-06-02,738920648,Staff_738920648,Dell Laptop X12 Model,LAP-12327E8A33,"LAN Adapter, Wired headset Cushion",temporary asset handover
2025-09-24,737888347,Staff_737888347,Dell Laptop X12 Model,LAP-5F7FBEA211,"Wired headset Cushion, LAN Adapter, VGA Connector",temporary asset handover
2024-05-31,210152642,Staff_210152642,Dell Laptop X12 Model,LAP-0DE61763F8,"Keyboard, Wired headset Cushion, Wireless Headset Cushion, LAN Cable",temporary asset handover
2025-07-25,588915267,Staff_588915267,Dell Laptop X12 Model,LAP-9CE83541E7,"Mouse, Laptop Stand, Laptop Bag, Wireless Headset Cushion",transfer
2025-11-30,182611003,Staff_182611003,Dell Laptop X12 Model,LAP-4075A72826,"LAN Adapter, Laptop Bag, VGA Connector, Keyboard",transfer
2024-06-16,884679098,Staff_884679098,Dell Laptop X12 Model,LAP-5E0CB210D8,"VGA Connector, LAN Adapter, LAN Cable, HDMI to VGA connector",dual asset
2025-12-03,523400459,Staff_523400459,Wireless Headset Cushion,WH-CA98E63DCB,"VGA Connector, Keyboard, LAN Cable, Power Cable",last working day
2025-11-10,142817871,Staff_142817871,Dell Laptop X12 Model,LAP-07B638D3AE,"Laptop Bag, LAN Adapter",temporary asset handover
2025-10-29,316581500,Staff_316581500,Dell Laptop X12 Model,LAP-A5850624D1,"Keyboard, Laptop Stand, Power Cable",dual asset
2024-08-07,377818215,Staff_377818215,Dell Laptop X12 Model,LAP-AC3039B4D1,"VGA Connector, LAN Adapter, Wireless Headset Cushion, Power Cable, Laptop Charger",transfer
2024-05-10,863854401,Staff_863854401,Dell Laptop X12 Model,LAP-F25A475861,"Wired headset Cushion, LAN Cable",dual asset
2025-04-29,507754288,Staff_507754288,Dell Laptop X12 Model,LAP-7DC1F6C7F6,"Laptop Bag, Wired headset Cushion",dual asset
2024-07-08,785885348,Staff_785885348,Dell Laptop X12 Model,LAP-B34B3B241F,"Laptop Bag, Mouse",last working day
2024-10-20,342180853,Staff_342180853,Dell Laptop X12 Model,LAP-7832B7B2D8,"Wireless Headset Cushion, Mouse, Wired headset Cushion, LAN Adapter, Laptop Stand",last working day
2025-11-13,441298507,Staff_441298507,Dell Laptop X12 Model,LAP-68DBEA34E4,"Wireless Headset Cushion, LAN Cable, Laptop Charger",dual asset
2024-11-15,178255153,Staff_178255153,HP Book 2.0 Model,LAP-C14513D4EE,"Laptop Stand, Wired headset Cushion",dual asset
2025-04-27,292056726,Staff_292056726,Dell Laptop X12 Model,LAP-7BF381FE2B,"Keyboard, Mouse, Laptop Bag",temporary asset handover
2024-05-25,352651266,Staff_352651266,Dell Laptop X12 Model,LAP-55BD7A58B8,"VGA Connector, Keyboard, LAN Adapter, Wireless Headset Cushion",last working day
2025-04-21,546706352,Staff_546706352,Dell Laptop X12 Model,LAP-496A13F783,"VGA Connector, Keyboard, Laptop Charger, Mouse, Power Cable",temporary asset handover
2024-05-16,700797791,Staff_700797791,Dell Laptop X12 Model,LAP-127174CB69,"Mouse, Keyboard, Wired headset Cushion, LAN Adapter",temporary asset handover
2024-06-13,193974854,Staff_193974854,Dell Laptop X12 Model,LAP-4DD26680B6,"Laptop Bag, VGA Connector",last working day
2025-04-15,271540556,Staff_271540556,HP Book 2.0 Model,LAP-D2CB3BAD3A,"Laptop Charger, Power Cable, VGA Connector",transfer
2024-09-30,439699535,Staff_439699535,Dell Laptop X12 Model,LAP-CA97373C72,"Power Cable, HDMI to VGA connector, LAN Cable, Keyboard",dual asset
2025-02-21,171596938,Staff_171596938,Dell Laptop X12 Model,LAP-11E1CFB2EC,"LAN Adapter, VGA Connector, Wireless Headset Cushion, Power Cable, Mouse",last working day
2025-10-26,947769596,Staff_947769596,Dell Laptop X12 Model,LAP-93620EBF38,"Wireless Headset Cushion, HDMI to VGA connector, Keyboard, Power Cable",transfer
2024-03-22,501026552,Staff_501026552,Dell Laptop X12 Model,LAP-317C5B8C7C,"Power Cable, Mouse, Wired headset Cushion, Laptop Stand, HDMI to VGA connector",last working day
2024-04-24,812308209,Staff_812308209,Wireless Headset Cushion,WH-CBFF72B57F,"Mouse, Wired headset Cushion, Wireless Headset Cushion, Laptop Stand, Laptop Bag",temporary asset handover
2024-11-02,154318806,Staff_154318806,Dell Laptop X12 Model,LAP-0152A480FB,"Keyboard, Mouse, Laptop Charger, Wired headset Cushion, Laptop Bag",temporary asset handover
2024-07-09,789622604,Staff_789622604,Dell Laptop X12 Model,LAP-882B60EDD8,"Laptop Stand, Power Cable",transfer
2025-06-08,955593612,Staff_955593612,Dell Laptop X12 Model,LAP-0E62993139,"VGA Connector, Keyboard",dual asset
2024-09-01,764717221,Staff_764717221,Dell Laptop X12 Model,LAP-28A18DAA87,"Laptop Stand, Wireless Headset Cushion, Power Cable, VGA Connector",last working day
2025-05-20,461379699,Staff_461379699,Dell Laptop X12 Model,LAP-BC95D3810A,"Laptop Stand, Laptop Bag, Power Cable, Wired headset Cushion, LAN Cable",transfer
2025-04-17,330635563,Staff_330635563,HP Book 2.0 Model,LAP-F4F09A7D17,"HDMI to VGA connector, Laptop Stand, Wireless Headset Cushion, Mouse, Laptop Charger",temporary asset handover
2024-06-02,953643130,Staff_953643130,Dell Laptop X12 Model,LAP-9D860ED27B,"Laptop Bag, VGA Connector, Laptop Stand, LAN Cable, HDMI to VGA connector",temporary asset handover
2024-07-08,771482340,Staff_771482340,Dell Laptop X12 Model,LAP-CB92856DE2,"VGA Connector, HDMI to VGA connector, Wired headset Cushion, Laptop Charger, Power Cable",dual asset
2024-11-30,148872110,Staff_148872110,Dell Laptop X12 Model,LAP-E67E7FEE87,"HDMI to VGA connector, VGA Connector",last working day
2024-12-25,178649475,Staff_178649475,Wireless Headset Cushion,WH-43E655BD7B,"VGA Connector, Mouse, Laptop Bag",temporary asset handover
2025-10-14,704829337,Staff_704829337,Dell Laptop X12 Model,LAP-3B98F3990D,"Keyboard, Laptop Stand, VGA Connector, Mouse, Laptop Bag",last working day
2024-03-25,553456129,Staff_553456129,Dell Laptop X12 Model,LAP-96ABCF311B,"Keyboard, VGA Connector, Wireless Headset Cushion",temporary asset handover
2024-04-26,953042013,Staff_953042013,Lenovo Laptop 324 Model,LAP-E635D0EC6A,"LAN Cable, Keyboard, HDMI to VGA connector, Laptop Stand, Power Cable",temporary asset handover
2024-04-23,707536579,Staff_707536579,Dell Laptop X12 Model,LAP-3EB980ED2C,"Laptop Stand, Mouse, Laptop Charger, Keyboard, Wired headset Cushion",temporary asset handover
2025-06-06,874086851,Staff_874086851,Dell Laptop X12 Model,LAP-C010BAAB12,"Power Cable, Keyboard",transfer
2024-10-27,761982621,Staff_761982621,Dell Laptop X12 Model,LAP-085B4FED58,"LAN Adapter, Wireless Headset Cushion, Mouse",transfer
2025-02-26,826600539,Staff_826600539,Wireless Headset Cushion,WH-81EB1B32B9,"Wireless Headset Cushion, HDMI to VGA connector",temporary asset handover
2024-11-09,469919929,Staff_469919929,Wireless Headset Cushion,WH-207B7757E8,"Wired headset Cushion, Laptop Stand, Power Cable",dual asset
2025-08-03,989368954,Staff_989368954,Dell Laptop X12 Model,LAP-C7DA3C755E,"Keyboard, Laptop Charger, Power Cable",dual asset
2024-09-02,703418543,Staff_703418543,Dell Laptop X12 Model,LAP-EB05A45030,"Wired headset Cushion, VGA Connector, Wireless Headset Cushion",last working day
2025-05-08,542745150,Staff_542745150,HP Book 2.0 Model,LAP-5FBA0E511E,"VGA Connector, Wireless Headset Cushion",dual asset
2025-11-10,256104757,Staff_256104757,MacBook M2 Model,LAP-053793E39B,"HDMI to VGA connector, Laptop Charger, Wireless Headset Cushion, Power Cable, LAN Cable",last working day
2025-03-21,469919929,Staff_469919929,Wireless Headset Cushion,WH-207B7757E8,"Power Cable, VGA Connector, Keyboard",dual asset
2024-12-30,659689063,Staff_659689063,Dell Laptop X12 Model,LAP-2E7AB1D523,"Laptop Charger, Wireless Headset Cushion, LAN Cable, Mouse",last working day
2025-04-18,157767179,Staff_157767179,Wireless Headset Cushion,WH-F1373F55FA,"Laptop Charger, LAN Cable",transfer
2024-05-14,194512033,Staff_194512033,Dell Laptop X12 Model,LAP-4B1CF38A35,"Wireless Headset Cushion, Wired headset Cushion, Laptop Charger, HDMI to VGA connector, LAN Cable",dual asset
2024-04-29,552002959,Staff_552002959,Wireless Headset Cushion,WH-9E75DA0700,"LAN Cable, LAN Adapter, Laptop Bag, Keyboard",transfer
2025-03-14,481508232,Staff_481508232,Dell Laptop X12 Model,LAP-6891F695F2,"Mouse, Laptop Charger, HDMI to VGA connector, Laptop Bag, Keyboard",temporary asset handover
2025-02-24,349832483,Staff_349832483,Wireless Headset Cushion,WH-00B502F6B4,"Laptop Bag, Wired headset Cushion, LAN Adapter, Laptop Stand, HDMI to VGA connector",temporary asset handover
2025-08-09,348952994,Staff_348952994,Dell Laptop X12 Model,LAP-C985F6460F,"VGA Connector, Wireless Headset Cushion, HDMI to VGA connector, Keyboard",last working day
2025-11-08,597950004,Staff_597950004,Dell Laptop X12 Model,LAP-BCF7EEF02C,"Wired headset Cushion, LAN Cable, Power Cable",temporary asset handover
2025-10-24,207939087,Staff_207939087,Dell Laptop X12 Model,LAP-46572FAC23,"Mouse, Wireless Headset Cushion, Laptop Stand, Keyboard, VGA Connector",temporary asset handover
2024-03-07,420877774,Staff_420877774,Dell Laptop X12 Model,LAP-9C14085765,"Laptop Charger, Power Cable, HDMI to VGA connector, Keyboard",dual asset
2024-09-29,676567501,Staff_676567501,JBL Wireless Headset,WH-116DA707B7,"Laptop Charger, Laptop Stand",temporary asset handover
2024-05-10,100614068,Staff_100614068,Dell Laptop X12 Model,LAP-E5F38B8007,"LAN Cable, Keyboard, VGA Connector",temporary asset handover
2024-03-31,435709651,Staff_435709651,JBL Wireless Headset,WH-70C75E2861,"Keyboard, Laptop Bag, Mouse, Laptop Charger, Wireless Headset Cushion",last working day
2025-09-28,713476544,Staff_713476544,Wireless Headset Cushion,WH-6B40157559,"Wired headset Cushion, Laptop Stand",dual asset
2024-12-23,530391423,Staff_530391423,Dell Laptop X12 Model,LAP-381FB4A9C6,"HDMI to VGA connector, LAN Cable, Laptop Stand, Power Cable, Laptop Bag",last working day
2024-03-25,583156434,Staff_583156434,HP Book 2.0 Model,LAP-E605666A7C,"VGA Connector, Laptop Charger",last working day
2025-04-13,642762599,Staff_642762599,Dell Laptop X12 Model,LAP-0D3EA6C3B3,"LAN Adapter, HDMI to VGA connector",dual asset
2024-10-27,244209787,Staff_244209787,HP Book 2.0 Model,LAP-C35CBFBA31,"Wired headset Cushion, HDMI to VGA connector, Keyboard, LAN Cable, Laptop Stand",transfer
2024-12-13,859466878,Staff_859466878,Dell Laptop X12 Model,LAP-E8CFF6DC7D,"Wired headset Cushion, Keyboard, VGA Connector, LAN Cable",dual asset
2024-04-07,424425818,Staff_424425818,Dell Laptop X12 Model,LAP-26303C6609,"Mouse, HDMI to VGA connector",dual asset
2025-09-18,955593612,Staff_955593612,Dell Laptop X12 Model,LAP-0E62993139,"Keyboard, Laptop Stand, Wired headset Cushion",dual asset
2025-05-31,487509692,Staff_487509692,Dell Laptop X12 Model,LAP-17119D63F0,"Laptop Bag, Laptop Charger, Mouse, Wireless Headset Cushion",dual asset
2025-09-13,603260608,Staff_603260608,Dell Laptop X12 Model,LAP-83AC565C82,"Laptop Bag, Keyboard, Mouse, LAN Adapter",transfer
2025-01-23,570746273,Staff_570746273,JBL Wireless Headset,WH-80F43588AE,"Laptop Charger, HDMI to VGA connector, Mouse",dual asset
2025-04-28,262787284,Staff_262787284,HP Book 2.0 Model,LAP-C3C49C49EE,"Laptop Bag, Power Cable",transfer
2025-11-20,893889313,Staff_893889313,Dell Laptop X12 Model,LAP-35DA74FFF0,"VGA Connector, HDMI to VGA connector, Laptop Stand, Keyboard, LAN Adapter",dual asset
2024-05-05,339356496,Staff_339356496,HP Book 2.0 Model,LAP-84E03B9CB9,"LAN Adapter, LAN Cable",temporary asset handover
2024-10-12,219066986,Staff_219066986,Dell Laptop X12 Model,LAP-BBFCADAF3E,"Mouse, VGA Connector",last working day
2024-11-14,325320091,Staff_325320091,HP Book 2.0 Model,LAP-E29FE1FA59,"VGA Connector, LAN Adapter",transfer
2025-11-03,226466892,Staff_226466892,Dell Laptop X12 Model,LAP-01BAF05FE5,"Laptop Charger, Laptop Bag, Keyboard, LAN Cable",temporary asset handover
2024-04-25,976928440,Staff_976928440,Dell Laptop X12 Model,LAP-A26A8C6567,"Power Cable, Laptop Charger, Laptop Stand, Wireless Headset Cushion",last working day
2024-08-25,801450705,Staff_801450705,Dell Laptop X12 Model,LAP-E0CF132C32,"Keyboard, LAN Adapter, Laptop Stand, Wired headset Cushion, Power Cable",last working day
2025-06-05,592845076,Staff_592845076,Dell Laptop X12 Model,LAP-64E08F9B2E,"HDMI to VGA connector, VGA Connector, Power Cable, Laptop Charger, Keyboard",temporary asset handover
2024-11-13,422095317,Staff_422095317,Dell Laptop X12 Model,LAP-910B81D187,"LAN Cable, Wireless Headset Cushion, HDMI to VGA connector, Laptop Bag",last working day
2025-11-17,563626557,Staff_563626557,JBL Wireless Headset,WH-79A21A96DE,"Keyboard, LAN Adapter",last working day
2025-10-18,270118413,Staff_270118413,Wireless Headset Cushion,WH-A901770E09,"Laptop Bag, Laptop Stand, Mouse, LAN Cable",temporary asset handover
2024-03-09,442392183,Staff_442392183,HP Book 2.0 Model,LAP-7DB454DCC6,"Power Cable, HDMI to VGA connector",last working day
2025-12-03,236105947,Staff_236105947,Dell Laptop X12 Model,LAP-5395CC4BC6,"Laptop Charger, Wireless Headset Cushion, HDMI to VGA connector, Keyboard",dual asset
2025-08-19,571825556,Staff_571825556,Dell Laptop X12 Model,LAP-8C4D6CBE3B,"Wired headset Cushion, Keyboard, HDMI to VGA connector, Laptop Stand, Laptop Charger",transfer
2025-04-14,715145139,Staff_715145139,Dell Laptop X12 Model,LAP-F0A232C40F,"Power Cable, Laptop Stand, Laptop Charger",transfer
2024-05-11,890099255,Staff_890099255,JBL Wireless Headset,WH-8282453F4B,"Mouse, Laptop Bag, Wireless Headset Cushion, Laptop Charger",temporary asset handover
2025-01-30,639528648,Staff_639528648,Dell Laptop X12 Model,LAP-76ADBAD543,"Laptop Bag, LAN Adapter",last working day
2025-11-14,907865263,Staff_907865263,Dell Laptop X12 Model,LAP-4EB8F88085,"LAN Adapter, LAN Cable, Mouse",transfer
2024-07-30,338525147,Staff_338525147,Lenovo Laptop 324 Model,LAP-7945E3870B,"Power Cable, LAN Adapter, VGA Connector",temporary asset handover
2025-08-16,366564581,Staff_366564581,Dell Laptop X12 Model,LAP-4FAB5914EC,"Wireless Headset Cushion, HDMI to VGA connector, Laptop Charger, Keyboard",transfer
2025-08-18,517021222,Staff_517021222,Dell Laptop X12 Model,LAP-99161F3ACD,"Laptop Charger, Mouse, Keyboard",temporary asset handover
2024-10-28,240957723,Staff_240957723,HP Book 2.0 Model,LAP-28A8DF0BE2,"VGA Connector, Laptop Charger, LAN Adapter, Power Cable, Wireless Headset Cushion",dual asset
2024-08-18,768469061,Staff_768469061,HP Book 2.0 Model,LAP-15A3958C2A,"HDMI to VGA connector, Power Cable",transfer
2025-04-09,761982621,Staff_761982621,Dell Laptop X12 Model,LAP-085B4FED58,"Laptop Stand, LAN Cable, Wireless Headset Cushion, Mouse, Wired headset Cushion",last working day
2024-05-21,665359037,Staff_665359037,Dell Laptop X12 Model,LAP-ABB1D3390B,"Mouse, Wired headset Cushion",temporary asset handover
2025-06-22,529151399,Staff_529151399,Dell Laptop X12 Model,LAP-F27AA20A01,"Wireless Headset Cushion, LAN Adapter, HDMI to VGA connector",transfer
2026-01-17,245480775,Staff_245480775,HP Book 2.0 Model,LAP-47834FCC5C,"LAN Adapter, Power Cable, Laptop Bag, Laptop Charger, LAN Cable",dual asset
2024-08-30,654762561,Staff_654762561,JBL Wireless Headset,WH-03E4CF9CB2,"Keyboard, Power Cable, Mouse, LAN Cable",transfer
2024-10-11,235497187,Staff_235497187,Dell Laptop X12 Model,LAP-68FF7BC0BA,"HDMI to VGA connector, Laptop Charger",last working day
2024-06-16,844609017,Staff_844609017,Dell Laptop X12 Model,LAP-A79D24A920,"LAN Adapter, LAN Cable, Power Cable, Wireless Headset Cushion, Keyboard",last working day
2026-01-03,196779973,Staff_196779973,Dell Laptop X12 Model,LAP-BFE36142E6,"Laptop Bag, Laptop Charger, VGA Connector, HDMI to VGA connector",transfer
2024-11-03,217734861,Staff_217734861,Dell Laptop X12 Model,LAP-F83D26F399,"Wired headset Cushion, Power Cable",last working day
2024-08-06,335171142,Staff_335171142,Dell Laptop X12 Model,LAP-59783C6367,"Power Cable, Wireless Headset Cushion",temporary asset handover
2025-06-12,915313588,Staff_915313588,JBL Wireless Headset,WH-4150E25D5B,"Laptop Bag, Keyboard, Laptop Stand, LAN Cable",dual asset
2025-02-01,751252216,Staff_751252216,Dell Laptop X12 Model,LAP-F0E724FC42,"LAN Adapter, LAN Cable, Laptop Bag, Wired headset Cushion",transfer
2025-08-28,773412230,Staff_773412230,HP Book 2.0 Model,LAP-19A44A5711,"Wired headset Cushion, Laptop Bag, Laptop Charger, LAN Cable",transfer
2025-07-27,752759821,Staff_752759821,JBL Wireless Headset,WH-8DD960B785,"VGA Connector, Laptop Charger, LAN Cable, LAN Adapter, HDMI to VGA connector",temporary asset handover
2025-08-23,485132332,Staff_485132332,Wireless Headset Cushion,WH-FCCC60980F,"Keyboard, VGA Connector, LAN Cable, Wireless Headset Cushion, Laptop Stand",transfer
2025-01-29,420035728,Staff_420035728,Dell Laptop X12 Model,LAP-D2C339B5E8,"Wireless Headset Cushion, VGA Connector",last working day
2025-12-17,259976144,Staff_259976144,Dell Laptop X12 Model,LAP-62C20C0BD7,"HDMI to VGA connector, Wireless Headset Cushion",transfer
2024-04-04,652681586,Staff_652681586,Dell Laptop X12 Model,LAP-80E3C3D3ED,"Laptop Charger, LAN Adapter",last working day
2024-10-08,668132202,Staff_668132202,Dell Laptop X12 Model,LAP-58DD3B9BDB,"VGA Connector, Laptop Charger",dual asset
2025-03-01,113169872,Staff_113169872,Dell Laptop X12 Model,LAP-0A1EE745E9,"Laptop Stand, Laptop Bag, Mouse, VGA Connector, Keyboard",temporary asset handover
2025-10-30,792377512,Staff_792377512,HP Book 2.0 Model,LAP-3F338C2A50,"Mouse, Wired headset Cushion, VGA Connector",last working day
2024-08-06,120100290,Staff_120100290,Dell Laptop X12 Model,LAP-7AB4502F1C,"HDMI to VGA connector, LAN Adapter, Wireless Headset Cushion",last working day
2024-12-02,173512612,Staff_173512612,JBL Wireless Headset,LAP-557B976D34,"LAN Cable, Laptop Charger, Mouse, HDMI to VGA connector",transfer
2025-02-21,288282376,Staff_288282376,Dell Laptop X12 Model,LAP-D1E7664DF7,"Laptop Stand, LAN Cable",last working day
2025-04-09,638339044,Staff_638339044,Dell Laptop X12 Model,LAP-AD26A829CC,"LAN Adapter, LAN Cable, Laptop Charger, Laptop Bag",temporary asset handover
2025-11-02,700343937,Staff_700343937,Dell Laptop X12 Model,LAP-B76CCF295C,"HDMI to VGA connector, Wireless Headset Cushion, Power Cable",dual asset
2024-05-25,523431477,Staff_523431477,HP Book 2.0 Model,LAP-5AE9BE5C84,"Wireless Headset Cushion, Laptop Stand",last working day
2024-04-06,721890096,Staff_721890096,Dell Laptop X12 Model,LAP-E394BD364D,"Laptop Bag, LAN Cable, Laptop Stand, Keyboard",last working day
2024-08-22,197939109,Staff_197939109,Dell Laptop X12 Model,LAP-E18D99C305,"Mouse, HDMI to VGA connector, Wireless Headset Cushion, Laptop Bag",dual asset
2025-02-09,472769123,Staff_472769123,Dell Laptop X12 Model,LAP-C5C58B01E3,"Wired headset Cushion, LAN Adapter, Laptop Bag, Laptop Charger, Keyboard",temporary asset handover
2025-10-13,300688440,Staff_300688440,Dell Laptop X12 Model,LAP-7DC4BEBCDF,"LAN Cable, HDMI to VGA connector",dual asset
2024-05-23,110385578,Staff_110385578,JBL Wireless Headset,WH-00456F3C23,"Laptop Bag, LAN Adapter, LAN Cable, Laptop Charger, VGA Connector",transfer
2024-11-30,446392556,Staff_446392556,Dell Laptop X12 Model,LAP-87779B6473,"LAN Cable, Wired headset Cushion, VGA Connector, Wireless Headset Cushion",last working day
2025-05-30,727255103,Staff_727255103,Dell Laptop X12 Model,LAP-E0A806F797,"Wireless Headset Cushion, VGA Connector, Wired headset Cushion",temporary asset handover
2024-03-01,767570850,Staff_767570850,Dell Laptop X12 Model,LAP-1427EE5860,"VGA Connector, Wireless Headset Cushion, Power Cable, Laptop Stand, Laptop Charger",dual asset
2025-07-04,204800493,Staff_204800493,Dell Laptop X12 Model,LAP-727ED5135C,"Wireless Headset Cushion, Mouse, VGA Connector",temporary asset handover
2024-07-06,678336713,Staff_678336713,Dell Laptop X12 Model,LAP-6F8D9A2EF7,"LAN Adapter, Laptop Stand",transfer
2025-04-08,924065468,Staff_924065468,HP Book 2.0 Model,LAP-22076A18C0,"Laptop Bag, Wireless Headset Cushion",last working day
2024-08-17,435418436,Staff_435418436,Dell Laptop X12 Model,LAP-0550E30016,"Power Cable, Keyboard, Wired headset Cushion",last working day
2025-02-01,287584639,Staff_287584639,HP Book 2.0 Model,LAP-6EEF270FCB,"Power Cable, Mouse",last working day
2024-08-28,536913550,Staff_536913550,HP Book 2.0 Model,LAP-4F721456ED,"Wired headset Cushion, Power Cable, Keyboard, HDMI to VGA connector",dual asset
2025-12-27,254824511,Staff_254824511,Dell Laptop X12 Model,LAP-A1407F3CF4,"Keyboard, LAN Cable, HDMI to VGA connector, Laptop Bag",dual asset
2025-12-16,790042893,Staff_790042893,Dell Laptop X12 Model,LAP-F0F78FF7FE,"VGA Connector, Laptop Bag, LAN Adapter, Laptop Charger",transfer
2025-11-04,977358886,Staff_977358886,HP Book 2.0 Model,LAP-1D5E623FEE,"Wireless Headset Cushion, Wired headset Cushion",dual asset
2024-07-12,352082631,Staff_352082631,Dell Laptop X12 Model,LAP-04BF3A27B1,"Keyboard, Wireless Headset Cushion, Wired headset Cushion, LAN Cable, LAN Adapter",transfer
2025-05-25,222978730,Staff_222978730,Dell Laptop X12 Model,LAP-20EB6EE8F3,"LAN Cable, Laptop Charger, VGA Connector, Keyboard, Laptop Stand",last working day
2024-05-23,725698331,Staff_725698331,Dell Laptop X12 Model,LAP-A3585A6EFF,"LAN Cable, Laptop Stand",dual asset
2025-08-30,927844881,Staff_927844881,HP Book 2.0 Model,LAP-631D6781D8,"Power Cable, Mouse, Laptop Charger, HDMI to VGA connector",dual asset
2024-06-19,852882107,Staff_852882107,JBL Wireless Headset,WH-F0C6A463E4,"Laptop Bag, LAN Cable, Keyboard, Laptop Stand, HDMI to VGA connector",transfer
2024-08-04,557309058,Staff_557309058,JBL Wireless Headset,WH-D6A35AE78C,"Power Cable, VGA Connector",transfer
2024-04-14,174684276,Staff_174684276,Dell Laptop X12 Model,LAP-247C193E25,"HDMI to VGA connector, Wireless Headset Cushion, Mouse, LAN Adapter, Keyboard",temporary asset handover
2025-05-23,722197986,Staff_722197986,Dell Laptop X12 Model,LAP-7B2A10AAD6,"Laptop Charger, HDMI to VGA connector",dual asset
2025-12-10,472352086,Staff_472352086,Dell Laptop X12 Model,LAP-F2E7D3F3CB,"Laptop Stand, HDMI to VGA connector, Laptop Bag, VGA Connector",last working day
2024-04-18,404357083,Staff_404357083,Dell Laptop X12 Model,LAP-7280C5B5EE,"Laptop Bag, Keyboard, VGA Connector",transfer
2025-03-30,838908273,Staff_838908273,Dell Laptop X12 Model,LAP-58EED6DDE2,"Mouse, Wired headset Cushion, LAN Adapter",temporary asset handover
2025-03-13,241684797,Staff_241684797,Dell Laptop X12 Model,LAP-944EC89756,"Laptop Stand, VGA Connector, Wireless Headset Cushion, Mouse, Wired headset Cushion",temporary asset handover
2025-01-24,583493761,Staff_583493761,HP Book 2.0 Model,LAP-C12C4C8AA8,"LAN Cable, HDMI to VGA connector",temporary asset handover
2025-09-19,855971970,Staff_855971970,JBL Wireless Headset,WH-F60DF6173E,"Power Cable, LAN Adapter, VGA Connector, LAN Cable",temporary asset handover
2025-07-17,812480457,Staff_812480457,Dell Laptop X12 Model,LAP-717E721645,"LAN Adapter, VGA Connector, HDMI to VGA connector, Laptop Stand, Wireless Headset Cushion",transfer
2024-11-16,517435960,Staff_517435960,Dell Laptop X12 Model,LAP-648B948586,"Power Cable, Laptop Charger",dual asset
2024-07-15,201710492,Staff_201710492,HP Book 2.0 Model,LAP-8BAF9DEAB2,"HDMI to VGA connector, Keyboard, LAN Cable, LAN Adapter",temporary asset handover
2025-03-17,392010397,Staff_392010397,Dell Laptop X12 Model,LAP-2DEBDEF76B,"Laptop Charger, Power Cable, Laptop Bag, VGA Connector, HDMI to VGA connector",last working day
2025-12-12,433975497,Staff_433975497,Dell Laptop X12 Model,LAP-3A77C58939,"Laptop Charger, Power Cable, Wireless Headset Cushion, Mouse",transfer
2024-03-08,420452650,Staff_420452650,Dell Laptop X12 Model,LAP-D902CAEFF2,"HDMI to VGA connector, Laptop Stand, Laptop Bag, Mouse, Laptop Charger",last working day
2025-12-20,567694547,Staff_567694547,Dell Laptop X12 Model,LAP-4BF2882D30,"Keyboard, Wired headset Cushion, HDMI to VGA connector",temporary asset handover
2024-12-28,163947730,Staff_163947730,Dell Laptop X12 Model,LAP-4BE438153F,"Laptop Charger, Laptop Bag",last working day
2025-01-10,731691672,Staff_731691672,Dell Laptop X12 Model,LAP-7328D0FC20,"VGA Connector, Keyboard, Laptop Charger, Laptop Bag",temporary asset handover
2024-12-13,274648506,Staff_274648506,JBL Wireless Headset,WH-BA4654C823,"LAN Cable, Wireless Headset Cushion, Wired headset Cushion, Keyboard",transfer
2025-07-18,591759000,Staff_591759000,Dell Laptop X12 Model,LAP-423B648715,"Laptop Stand, Power Cable, LAN Adapter, Keyboard, Wireless Headset Cushion",temporary asset handover
2024-02-04,226466892,Staff_226466892,Dell Laptop X12 Model,LAP-01BAF05FE5,"Wired headset Cushion, Laptop Charger, Wireless Headset Cushion, VGA Connector, LAN Adapter",transfer
2025-09-08,338411494,Staff_338411494,Dell Laptop X12 Model,LAP-9E668173F0,"VGA Connector, Laptop Bag",last working day
2025-10-27,140152609,Staff_140152609,Dell Laptop X12 Model,LAP-B4F0E108D8,"LAN Cable, HDMI to VGA connector, Keyboard, Laptop Stand",temporary asset handover
2025-03-23,857820386,Staff_857820386,Dell Laptop X12 Model,LAP-3A3B717CBB,"LAN Adapter, LAN Cable, Laptop Bag",temporary asset handover
2024-08-22,100099158,Staff_100099158,Dell Laptop X12 Model,LAP-3F2DD1A673,"Keyboard, Wired headset Cushion, Laptop Bag",dual asset
2024-09-06,706912715,Staff_706912715,Lenovo Laptop 324 Model,LAP-9CE5CA077B,"HDMI to VGA connector, Laptop Stand",temporary asset handover
2024-10-03,472352086,Staff_472352086,Dell Laptop X12 Model,LAP-F2E7D3F3CB,"Laptop Charger, Keyboard, LAN Cable",temporary asset handover
2024-12-13,992329618,Staff_992329618,Dell Laptop X12 Model,LAP-6869A10120,"Laptop Stand, Power Cable, LAN Cable, Keyboard, Laptop Bag",temporary asset handover
2024-04-07,504982743,Staff_504982743,Wireless Headset Cushion,WH-0F703ED74A,"VGA Connector, LAN Adapter",temporary asset handover
2025-09-15,575839885,Staff_575839885,Dell Laptop X12 Model,LAP-455A412797,"Laptop Bag, Power Cable, Laptop Stand",transfer
2025-09-19,142817871,Staff_142817871,Dell Laptop X12 Model,LAP-07B638D3AE,"Wireless Headset Cushion, Laptop Bag, LAN Cable",temporary asset handover
2024-01-29,807233980,Staff_807233980,Dell Laptop X12 Model,LAP-CAE9E85F9C,"HDMI to VGA connector, Laptop Stand, Wireless Headset Cushion",transfer
2025-05-13,410864588,Staff_410864588,Dell Laptop X12 Model,LAP-6CEB6E2B9C,"LAN Cable, Laptop Stand, Wireless Headset Cushion",dual asset
2024-04-24,853869899,Staff_853869899,Dell Laptop X12 Model,LAP-CB58F3CFDE,"Laptop Charger, Laptop Stand, Keyboard, LAN Cable",dual asset
2024-05-28,337861414,Staff_337861414,Dell Laptop X12 Model,LAP-BAAA833132,"Laptop Bag, LAN Cable, Laptop Charger",temporary asset handover
2024-06-26,999222522,Staff_999222522,HP Book 2.0 Model,LAP-07D7FDC71F,"Mouse, Keyboard",transfer
2024-04-08,544055921,Staff_544055921,Dell Laptop X12 Model,LAP-8DDA2D5585,"LAN Cable, Wired headset Cushion, Laptop Charger, Power Cable",transfer
2024-09-02,881155839,Staff_881155839,Dell Laptop X12 Model,LAP-BE646AC0B3,"LAN Cable, Wireless Headset Cushion, VGA Connector, Wired headset Cushion",last working day
2025-03-26,780389168,Staff_780389168,Dell Laptop X12 Model,LAP-C272193A6E,"Keyboard, Mouse, Laptop Bag, VGA Connector, Power Cable",last working day
2024-10-06,733078989,Staff_733078989,HP Book 2.0 Model,LAP-CC27C19464,"HDMI to VGA connector, Laptop Charger, Laptop Bag",temporary asset handover
2025-03-04,331356272,Staff_331356272,Dell Laptop X12 Model,LAP-E52322246F,"Power Cable, Laptop Bag, HDMI to VGA connector, Laptop Stand",transfer
2025-03-04,982982227,Staff_982982227,Dell Laptop X12 Model,LAP-2876A81C54,"VGA Connector, Keyboard, Wireless Headset Cushion",last working day
2025-05-16,702269164,Staff_702269164,Dell Laptop X12 Model,LAP-AAD96D6032,"Keyboard, Mouse, Wireless Headset Cushion",last working day
2024-05-04,229553265,Staff_229553265,Dell Laptop X12 Model,LAP-0CB9DDD971,"Wired headset Cushion, Laptop Bag, HDMI to VGA connector, Laptop Charger, LAN Adapter",dual asset
2024-09-01,565973314,Staff_565973314,Dell Laptop X12 Model,LAP-23CC332DEC,"VGA Connector, Wireless Headset Cushion, LAN Adapter, Mouse, Keyboard",last working day
2024-08-25,349832483,Staff_349832483,Wireless Headset Cushion,WH-00B502F6B4,"Wired headset Cushion, LAN Adapter, Laptop Charger, HDMI to VGA connector, Mouse",transfer
2025-04-11,923678093,Staff_923678093,Dell Laptop X12 Model,LAP-520C8C39AA,"Laptop Charger, LAN Cable, VGA Connector, Wireless Headset Cushion, Mouse",transfer
2024-11-09,534916368,Staff_534916368,Dell Laptop X12 Model,LAP-96575F279D,"Wireless Headset Cushion, HDMI to VGA connector, Power Cable",temporary asset handover
2025-12-09,405307028,Staff_405307028,JBL Wireless Headset,WH-1B910B2F71,"Mouse, Laptop Charger, Laptop Stand, Wired headset Cushion, HDMI to VGA connector",temporary asset handover
2025-11-10,286197687,Staff_286197687,Dell Laptop X12 Model,LAP-5AC612AB03,"Laptop Stand, VGA Connector, LAN Adapter, Wireless Headset Cushion, Keyboard",dual asset
2025-10-17,616716343,Staff_616716343,Dell Laptop X12 Model,LAP-B40A5634FD,"HDMI to VGA connector, LAN Adapter, Laptop Stand, LAN Cable, Laptop Bag",dual asset
2024-05-18,931875429,Staff_931875429,Wireless Headset Cushion,LAP-45626D8612,"Laptop Stand, Mouse, LAN Cable, Laptop Charger, Laptop Bag",temporary asset handover
2024-09-26,178255153,Staff_178255153,HP Book 2.0 Model,LAP-C14513D4EE,"Laptop Bag, Laptop Charger, Laptop Stand, LAN Adapter, HDMI to VGA connector",temporary asset handover
2025-08-11,612153089,Staff_612153089,Dell Laptop X12 Model,LAP-1875667C95,"Laptop Charger, Wireless Headset Cushion, LAN Adapter, HDMI to VGA connector, VGA Connector",temporary asset handover
2024-09-25,198725784,Staff_198725784,JBL Wireless Headset,WH-8798DCBCF1,"HDMI to VGA connector, LAN Adapter",transfer
2024-11-24,522409833,Staff_522409833,Wireless Headset Cushion,WH-07374A6F95,"LAN Adapter, LAN Cable, Mouse, VGA Connector",temporary asset handover
2024-03-24,410535202,Staff_410535202,Wireless Headset Cushion,WH-6999472EB5,"LAN Adapter, Mouse, Laptop Charger",last working day
2025-08-03,699240979,Staff_699240979,Dell Laptop X12 Model,LAP-63F592302A,"Laptop Bag, LAN Cable, Wired headset Cushion, Mouse, Keyboard",dual asset
2026-01-05,405307028,Staff_405307028,JBL Wireless Headset,WH-1B910B2F71,"HDMI to VGA connector, Power Cable, Laptop Bag, LAN Cable, Wired headset Cushion",last working day
2024-08-29,802046257,Staff_802046257,Wireless Headset Cushion,WH-A6C4442E99,"LAN Adapter, Mouse, Laptop Bag, Laptop Stand, Wired headset Cushion",temporary asset handover
2024-03-17,857704655,Staff_857704655,Dell Laptop X12 Model,LAP-BCD19CDE1B,"Laptop Stand, Power Cable, HDMI to VGA connector, Laptop Bag, VGA Connector",temporary asset handover
2024-07-14,247395716,Staff_247395716,Dell Laptop X12 Model,LAP-1FE6D98653,"LAN Cable, LAN Adapter, Wireless Headset Cushion, VGA Connector",dual asset
2025-05-17,629487801,Staff_629487801,Dell Laptop X12 Model,LAP-99CEDD6B3B,"Laptop Stand, Wireless Headset Cushion, Wired headset Cushion, LAN Cable",temporary asset handover
2024-02-03,451965766,Staff_451965766,Dell Laptop X12 Model,LAP-2AD3FE6FC6,"LAN Adapter, VGA Connector, HDMI to VGA connector",last working day
2025-02-01,357553274,Staff_357553274,Dell Laptop X12 Model,LAP-82B6BC6869,"Wireless Headset Cushion, Keyboard, Laptop Charger, Laptop Stand",last working day
2024-12-16,579476614,Staff_579476614,HP Book 2.0 Model,LAP-89D81916F8,"Laptop Bag, Wireless Headset Cushion, Mouse, LAN Cable",transfer
2025-02-04,519246503,Staff_519246503,Dell Laptop X12 Model,LAP-AAAF9ACA7D,"LAN Cable, Wireless Headset Cushion, VGA Connector, Wired headset Cushion, Laptop Stand",temporary asset handover
2024-06-28,520478827,Staff_520478827,Dell Laptop X12 Model,LAP-D10AF9B09B,"Laptop Bag, Keyboard, Laptop Charger, Wired headset Cushion",dual asset
2025-12-04,930568802,Staff_930568802,Dell Laptop X12 Model,LAP-889794E56F,"LAN Cable, Wired headset Cushion, Mouse",transfer
2024-11-27,838908273,Staff_838908273,Dell Laptop X12 Model,LAP-58EED6DDE2,"LAN Adapter, VGA Connector, Keyboard, Laptop Bag",transfer
2024-07-10,307766587,Staff_307766587,Dell Laptop X12 Model,LAP-5B94698B00,"Power Cable, LAN Cable, VGA Connector",last working day
2024-03-29,666355637,Staff_666355637,Dell Laptop X12 Model,LAP-5183E96751,"Wireless Headset Cushion, HDMI to VGA connector, LAN Adapter",transfer
2025-10-25,798024936,Staff_798024936,Dell Laptop X12 Model,LAP-E43DF484E9,"Laptop Stand, Mouse, Laptop Bag",last working day
2025-07-28,950540063,Staff_950540063,HP Book 2.0 Model,LAP-17F5E2F9BF,"Power Cable, VGA Connector",dual asset
2025-04-03,797953888,Staff_797953888,Dell Laptop X12 Model,LAP-573E1DC6AB,"Mouse, Wireless Headset Cushion",transfer
2025-02-15,603895158,Staff_603895158,Dell Laptop X12 Model,LAP-C8042F0ECC,"VGA Connector, LAN Cable, Laptop Stand, Laptop Charger",last working day
2025-09-09,161085229,Staff_161085229,Dell Laptop X12 Model,LAP-C8BDAB13DC,"Wireless Headset Cushion, Wired headset Cushion, Keyboard, HDMI to VGA connector, Laptop Bag",last working day
2024-04-01,485593692,Staff_485593692,Dell Laptop X12 Model,LAP-6306DC7E11,"LAN Adapter, Laptop Bag, Mouse, HDMI to VGA connector",temporary asset handover
2024-06-22,724902501,Staff_724902501,Dell Laptop X12 Model,LAP-F12EA3F483,"Laptop Bag, Laptop Charger, Power Cable",last working day
2024-08-15,503786306,Staff_503786306,Wireless Headset Cushion,WH-45EAE73FA8,"Keyboard, Power Cable, LAN Adapter, Laptop Bag",dual asset
2024-09-23,178954113,Staff_178954113,Dell Laptop X12 Model,LAP-BB0E467712,"Wired headset Cushion, Mouse, Wireless Headset Cushion, Power Cable",dual asset
2024-10-24,598165815,Staff_598165815,Dell Laptop X12 Model,LAP-0BE8A6D1BB,"HDMI to VGA connector, Wireless Headset Cushion, Laptop Charger, Mouse",temporary asset handover
2024-03-26,256253951,Staff_256253951,Dell Laptop X12 Model,LAP-ACD6D38D63,"LAN Adapter, Wired headset Cushion, Mouse, Keyboard",last working day
2025-03-16,354208336,Staff_354208336,Dell Laptop X12 Model,LAP-5484EA8105,"Power Cable, LAN Cable, Laptop Stand",temporary asset handover
2024-02-18,126527569,Staff_126527569,Dell Laptop X12 Model,LAP-3CCAE59106,"LAN Cable, Wireless Headset Cushion",temporary asset handover
2024-05-05,142800191,Staff_142800191,HP Book 2.0 Model,LAP-101C28DF02,"Wired headset Cushion, Laptop Bag, VGA Connector",dual asset
2024-10-16,704177085,Staff_704177085,Dell Laptop X12 Model,LAP-FD3C5E115C,"Power Cable, Laptop Stand, VGA Connector, LAN Cable",dual asset
2025-05-16,608079376,Staff_608079376,Dell Laptop X12 Model,LAP-B0C087FBA2,"Laptop Stand, VGA Connector",temporary asset handover
2025-11-06,306978174,Staff_306978174,Dell Laptop X12 Model,LAP-EAF78F7193,"Mouse, Laptop Stand",dual asset
2024-06-17,297438548,Staff_297438548,Dell Laptop X12 Model,LAP-6A7454B29B,"Laptop Bag, HDMI to VGA connector, Laptop Stand",last working day
2025-09-27,823349713,Staff_823349713,Dell Laptop X12 Model,LAP-04B6C94A69,"LAN Adapter, Laptop Charger, VGA Connector",transfer
2024-08-20,875718152,Staff_875718152,Wireless Headset Cushion,WH-48091CCBCB,"Mouse, VGA Connector, Laptop Bag, Laptop Stand, Power Cable",last working day
2024-06-26,163525343,Staff_163525343,HP Book 2.0 Model,LAP-F8E0E29A32,"Laptop Stand, VGA Connector",temporary asset handover
2026-01-02,417001612,Staff_417001612,HP Book 2.0 Model,LAP-6A899F309D,"Wireless Headset Cushion, Mouse, Wired headset Cushion, Keyboard, LAN Cable",last working day
2025-02-06,722197986,Staff_722197986,Dell Laptop X12 Model,LAP-7B2A10AAD6,"Laptop Stand, Mouse",transfer
2024-09-28,412737284,Staff_412737284,Dell Laptop X12 Model,LAP-0152A480FB,"Wireless Headset Cushion, Power Cable",dual asset
2025-09-08,685582861,Staff_685582861,Dell Laptop X12 Model,LAP-18B64457D1,"HDMI to VGA connector, Power Cable, VGA Connector, LAN Cable, Laptop Stand",transfer
2024-02-25,472352086,Staff_472352086,Dell Laptop X12 Model,LAP-F2E7D3F3CB,"LAN Cable, HDMI to VGA connector, Keyboard",dual asset
